<?xml version="1.0" encoding="UTF-8" standalone="yes"?><EM><Systems><System id="25" version="0"><name>Spring PetClinic</name><description></description><systemSetId>25</systemSetId><SystemComponentIds><systemComponentId>45</systemComponentId><systemComponentId>47</systemComponentId><systemComponentId>49</systemComponentId><systemComponentId>51</systemComponentId><systemComponentId>53</systemComponentId><systemComponentId>55</systemComponentId><systemComponentId>44</systemComponentId><systemComponentId>46</systemComponentId><systemComponentId>48</systemComponentId><systemComponentId>50</systemComponentId><systemComponentId>52</systemComponentId><systemComponentId>54</systemComponentId><systemComponentId>56</systemComponentId></SystemComponentIds><EnvironmentIds><environmentId>25</environmentId></EnvironmentIds><SystemAttributeIds><systemAttributeId>32</systemAttributeId></SystemAttributeIds><ConnectionIds><connectionId>17</connectionId><connectionId>14</connectionId><connectionId>13</connectionId><connectionId>20</connectionId><connectionId>3</connectionId><connectionId>21</connectionId><connectionId>4</connectionId><connectionId>7</connectionId><connectionId>8</connectionId><connectionId>5</connectionId><connectionId>2</connectionId><connectionId>10</connectionId><connectionId>16</connectionId><connectionId>6</connectionId><connectionId>9</connectionId></ConnectionIds></System></Systems><SystemSets><SystemSet id="25"><SystemIds><systemId>25</systemId></SystemIds></SystemSet></SystemSets><SystemComponents><SystemComponent id="45"><systemId>25</systemId><componentId>46</componentId><locationId>45</locationId></SystemComponent><SystemComponent id="47"><systemId>25</systemId><componentId>48</componentId><locationId>47</locationId></SystemComponent><SystemComponent id="49"><systemId>25</systemId><componentId>50</componentId><locationId>49</locationId></SystemComponent><SystemComponent id="51"><systemId>25</systemId><componentId>52</componentId><locationId>51</locationId></SystemComponent><SystemComponent id="53"><systemId>25</systemId><componentId>54</componentId><locationId>53</locationId></SystemComponent><SystemComponent id="55"><systemId>25</systemId><componentId>56</componentId><locationId>55</locationId></SystemComponent><SystemComponent id="44"><systemId>25</systemId><componentId>45</componentId><locationId>44</locationId></SystemComponent><SystemComponent id="46"><systemId>25</systemId><componentId>47</componentId><locationId>46</locationId></SystemComponent><SystemComponent id="48"><systemId>25</systemId><componentId>49</componentId><locationId>48</locationId></SystemComponent><SystemComponent id="50"><systemId>25</systemId><componentId>51</componentId><locationId>50</locationId></SystemComponent><SystemComponent id="52"><systemId>25</systemId><componentId>53</componentId><locationId>52</locationId></SystemComponent><SystemComponent id="54"><systemId>25</systemId><componentId>55</componentId><locationId>54</locationId></SystemComponent><SystemComponent id="56"><systemId>25</systemId><componentId>57</componentId><locationId>56</locationId></SystemComponent></SystemComponents><SystemAttributes><SystemAttribute id="32"><systemId>25</systemId><key>Version</key><value>3.0.9</value><mask>false</mask></SystemAttribute></SystemAttributes><Connections><Connection id="17" version="0"><systemId>25</systemId><componentId1>49</componentId1><componentId2>54</componentId2><port1>2</port1><port2>1</port2></Connection><Connection id="14" version="0"><systemId>25</systemId><componentId1>57</componentId1><componentId2>56</componentId2><port1>3</port1><port2>0</port2></Connection><Connection id="13" version="0"><systemId>25</systemId><componentId1>47</componentId1><componentId2>56</componentId2><port1>0</port1><port2>2</port2></Connection><Connection id="20" version="0"><systemId>25</systemId><componentId1>55</componentId1><componentId2>46</componentId2><port1>2</port1><port2>1</port2></Connection><Connection id="3" version="0"><systemId>25</systemId><componentId1>46</componentId1><componentId2>47</componentId2><port1>3</port1><port2>0</port2></Connection><Connection id="21" version="0"><systemId>25</systemId><componentId1>55</componentId1><componentId2>47</componentId2><port1>2</port1><port2>1</port2></Connection><Connection id="4" version="0"><systemId>25</systemId><componentId1>46</componentId1><componentId2>48</componentId2><port1>3</port1><port2>0</port2></Connection><Connection id="7" version="0"><systemId>25</systemId><componentId1>51</componentId1><componentId2>48</componentId2><port1>0</port1><port2>3</port2></Connection><Connection id="8" version="0"><systemId>25</systemId><componentId1>52</componentId1><componentId2>49</componentId2><port1>0</port1><port2>3</port2></Connection><Connection id="5" version="0"><systemId>25</systemId><componentId1>49</componentId1><componentId2>46</componentId2><port1>0</port1><port2>3</port2></Connection><Connection id="2" version="0"><systemId>25</systemId><componentId1>46</componentId1><componentId2>45</componentId2><port1>0</port1><port2>3</port2></Connection><Connection id="10" version="0"><systemId>25</systemId><componentId1>55</componentId1><componentId2>56</componentId2><port1>0</port1><port2>3</port2></Connection><Connection id="16" version="0"><systemId>25</systemId><componentId1>53</componentId1><componentId2>54</componentId2><port1>3</port1><port2>0</port2></Connection><Connection id="6" version="0"><systemId>25</systemId><componentId1>50</componentId1><componentId2>47</componentId2><port1>0</port1><port2>3</port2></Connection><Connection id="9" version="0"><systemId>25</systemId><componentId1>53</componentId1><componentId2>49</componentId2><port1>1</port1><port2>0</port2></Connection></Connections><Locations><Location id="45" version="0"><systemComponentId>45</systemComponentId><xCoordinate>400</xCoordinate><yCoordinate>112</yCoordinate></Location><Location id="47" version="0"><systemComponentId>47</systemComponentId><xCoordinate>400</xCoordinate><yCoordinate>230</yCoordinate></Location><Location id="49" version="0"><systemComponentId>49</systemComponentId><xCoordinate>197</xCoordinate><yCoordinate>312</yCoordinate></Location><Location id="51" version="0"><systemComponentId>51</systemComponentId><xCoordinate>601</xCoordinate><yCoordinate>312</yCoordinate></Location><Location id="53" version="0"><systemComponentId>53</systemComponentId><xCoordinate>796</xCoordinate><yCoordinate>201</yCoordinate></Location><Location id="55" version="0"><systemComponentId>55</systemComponentId><xCoordinate>4</xCoordinate><yCoordinate>95</yCoordinate></Location><Location id="44" version="0"><systemComponentId>44</systemComponentId><xCoordinate>400</xCoordinate><yCoordinate>28</yCoordinate></Location><Location id="46" version="0"><systemComponentId>46</systemComponentId><xCoordinate>197</xCoordinate><yCoordinate>230</yCoordinate></Location><Location id="48" version="0"><systemComponentId>48</systemComponentId><xCoordinate>601</xCoordinate><yCoordinate>230</yCoordinate></Location><Location id="50" version="0"><systemComponentId>50</systemComponentId><xCoordinate>400</xCoordinate><yCoordinate>312</yCoordinate></Location><Location id="52" version="0"><systemComponentId>52</systemComponentId><xCoordinate>796</xCoordinate><yCoordinate>80</yCoordinate></Location><Location id="54" version="0"><systemComponentId>54</systemComponentId><xCoordinate>4</xCoordinate><yCoordinate>209</yCoordinate></Location><Location id="56" version="0"><systemComponentId>56</systemComponentId><xCoordinate>94</xCoordinate><yCoordinate>28</yCoordinate></Location></Locations><Environments><Environment id="25" version="0"><name>Local PetClinic</name><description></description><systemId>25</systemId><environmentSetId>25</environmentSetId><EnvironmentComponentIds><environmentComponentId>44</environmentComponentId><environmentComponentId>45</environmentComponentId><environmentComponentId>46</environmentComponentId><environmentComponentId>47</environmentComponentId><environmentComponentId>48</environmentComponentId><environmentComponentId>49</environmentComponentId><environmentComponentId>50</environmentComponentId><environmentComponentId>51</environmentComponentId><environmentComponentId>52</environmentComponentId><environmentComponentId>53</environmentComponentId><environmentComponentId>54</environmentComponentId><environmentComponentId>55</environmentComponentId><environmentComponentId>56</environmentComponentId></EnvironmentComponentIds><EnvironmentInstanceIds/><EnvironmentAttributeIds/></Environment></Environments><EnvironmentSets><EnvironmentSet id="25"><EnvironmentIds><environmentId>25</environmentId></EnvironmentIds></EnvironmentSet></EnvironmentSets><EnvironmentComponents><EnvironmentComponent id="44"><environmentId>25</environmentId><systemComponentId>49</systemComponentId><monitored>false</monitored><enabled>true</enabled><ComponentInstanceIds/></EnvironmentComponent><EnvironmentComponent id="45"><environmentId>25</environmentId><systemComponentId>50</systemComponentId><monitored>false</monitored><enabled>true</enabled><ComponentInstanceIds/></EnvironmentComponent><EnvironmentComponent id="46"><environmentId>25</environmentId><systemComponentId>51</systemComponentId><monitored>false</monitored><enabled>true</enabled><ComponentInstanceIds/></EnvironmentComponent><EnvironmentComponent id="47"><environmentId>25</environmentId><systemComponentId>46</systemComponentId><monitored>false</monitored><enabled>true</enabled><ComponentInstanceIds><componentInstanceId>205</componentInstanceId></ComponentInstanceIds></EnvironmentComponent><EnvironmentComponent id="48"><environmentId>25</environmentId><systemComponentId>47</systemComponentId><monitored>false</monitored><enabled>true</enabled><ComponentInstanceIds><componentInstanceId>206</componentInstanceId></ComponentInstanceIds></EnvironmentComponent><EnvironmentComponent id="49"><environmentId>25</environmentId><systemComponentId>48</systemComponentId><monitored>false</monitored><enabled>true</enabled><ComponentInstanceIds><componentInstanceId>207</componentInstanceId></ComponentInstanceIds></EnvironmentComponent><EnvironmentComponent id="50"><environmentId>25</environmentId><systemComponentId>54</systemComponentId><monitored>false</monitored><enabled>true</enabled><ComponentInstanceIds><componentInstanceId>211</componentInstanceId></ComponentInstanceIds></EnvironmentComponent><EnvironmentComponent id="51"><environmentId>25</environmentId><systemComponentId>53</systemComponentId><monitored>false</monitored><enabled>true</enabled><ComponentInstanceIds><componentInstanceId>209</componentInstanceId></ComponentInstanceIds></EnvironmentComponent><EnvironmentComponent id="52"><environmentId>25</environmentId><systemComponentId>45</systemComponentId><monitored>false</monitored><enabled>true</enabled><ComponentInstanceIds><componentInstanceId>204</componentInstanceId></ComponentInstanceIds></EnvironmentComponent><EnvironmentComponent id="53"><environmentId>25</environmentId><systemComponentId>55</systemComponentId><monitored>false</monitored><enabled>true</enabled><ComponentInstanceIds><componentInstanceId>210</componentInstanceId></ComponentInstanceIds></EnvironmentComponent><EnvironmentComponent id="54"><environmentId>25</environmentId><systemComponentId>52</systemComponentId><monitored>false</monitored><enabled>true</enabled><ComponentInstanceIds><componentInstanceId>208</componentInstanceId></ComponentInstanceIds></EnvironmentComponent><EnvironmentComponent id="55"><environmentId>25</environmentId><systemComponentId>44</systemComponentId><monitored>false</monitored><enabled>true</enabled><ComponentInstanceIds/></EnvironmentComponent><EnvironmentComponent id="56"><environmentId>25</environmentId><systemComponentId>56</systemComponentId><monitored>false</monitored><enabled>true</enabled><ComponentInstanceIds/></EnvironmentComponent></EnvironmentComponents><EnvironmentAttributes/><EnvironmentInstances/><ComponentInstances><ComponentInstance id="204" version="0"><name>Local Gateway</name><description></description><componentId>46</componentId><LiveTransportIds><liveTransportId>78</liveTransportId></LiveTransportIds><AssetInstanceIds/><provisioningActionId>-1</provisioningActionId><ProxyInstanceIds/><JdbcProxyInstanceIds/><EnvironmentInstanceIds/><TestScenarioInstanceIds/><ComponentInstanceAttributeIds/><CoverageAgentIds><coverageAgentId>10</coverageAgentId></CoverageAgentIds></ComponentInstance><ComponentInstance id="206" version="0"><name>Vets Microservice</name><description></description><componentId>48</componentId><LiveTransportIds><liveTransportId>80</liveTransportId></LiveTransportIds><AssetInstanceIds/><provisioningActionId>-1</provisioningActionId><ProxyInstanceIds/><JdbcProxyInstanceIds/><EnvironmentInstanceIds/><TestScenarioInstanceIds/><ComponentInstanceAttributeIds/><CoverageAgentIds><coverageAgentId>8</coverageAgentId></CoverageAgentIds></ComponentInstance><ComponentInstance id="209" version="0"><name>Tracing Server</name><description></description><componentId>54</componentId><LiveTransportIds><liveTransportId>83</liveTransportId></LiveTransportIds><AssetInstanceIds/><provisioningActionId>-1</provisioningActionId><ProxyInstanceIds/><JdbcProxyInstanceIds/><EnvironmentInstanceIds/><TestScenarioInstanceIds/><ComponentInstanceAttributeIds/><CoverageAgentIds/></ComponentInstance><ComponentInstance id="210" version="0"><name>Config Server</name><description></description><componentId>56</componentId><LiveTransportIds><liveTransportId>84</liveTransportId></LiveTransportIds><AssetInstanceIds/><provisioningActionId>-1</provisioningActionId><ProxyInstanceIds/><JdbcProxyInstanceIds/><EnvironmentInstanceIds/><TestScenarioInstanceIds/><ComponentInstanceAttributeIds/><CoverageAgentIds><coverageAgentId>12</coverageAgentId></CoverageAgentIds></ComponentInstance><ComponentInstance id="205" version="0"><name>Customers Microservice</name><description></description><componentId>47</componentId><LiveTransportIds><liveTransportId>79</liveTransportId></LiveTransportIds><AssetInstanceIds/><provisioningActionId>-1</provisioningActionId><ProxyInstanceIds/><JdbcProxyInstanceIds/><EnvironmentInstanceIds/><TestScenarioInstanceIds/><ComponentInstanceAttributeIds/><CoverageAgentIds><coverageAgentId>7</coverageAgentId></CoverageAgentIds></ComponentInstance><ComponentInstance id="207" version="0"><name>Visits Microservice</name><description></description><componentId>49</componentId><LiveTransportIds><liveTransportId>81</liveTransportId></LiveTransportIds><AssetInstanceIds/><provisioningActionId>-1</provisioningActionId><ProxyInstanceIds/><JdbcProxyInstanceIds/><EnvironmentInstanceIds/><TestScenarioInstanceIds/><ComponentInstanceAttributeIds/><CoverageAgentIds><coverageAgentId>9</coverageAgentId></CoverageAgentIds></ComponentInstance><ComponentInstance id="208" version="0"><name>Admin Server</name><description></description><componentId>53</componentId><LiveTransportIds><liveTransportId>82</liveTransportId></LiveTransportIds><AssetInstanceIds/><provisioningActionId>-1</provisioningActionId><ProxyInstanceIds/><JdbcProxyInstanceIds/><EnvironmentInstanceIds/><TestScenarioInstanceIds/><ComponentInstanceAttributeIds/><CoverageAgentIds><coverageAgentId>11</coverageAgentId></CoverageAgentIds></ComponentInstance><ComponentInstance id="211" version="0"><name>Discovery Server</name><description></description><componentId>55</componentId><LiveTransportIds><liveTransportId>85</liveTransportId></LiveTransportIds><AssetInstanceIds/><provisioningActionId>-1</provisioningActionId><ProxyInstanceIds/><JdbcProxyInstanceIds/><EnvironmentInstanceIds/><TestScenarioInstanceIds/><ComponentInstanceAttributeIds/><CoverageAgentIds><coverageAgentId>13</coverageAgentId></CoverageAgentIds></ComponentInstance></ComponentInstances><ComponentInstanceAttributes/><CoverageAgents><CoverageAgent id="10"><url>http://localhost:8051</url><project>spring-petclinic-api-gateway</project><filterId>878</filterId><buildId>spring-petclinic-api-gateway-2023-10-02</buildId><coverageImages>spring-petclinic-api-gateway</coverageImages><componentInstanceId>204</componentInstanceId></CoverageAgent><CoverageAgent id="8"><url>http://localhost:8053</url><project>spring-petclinic-vets-service</project><filterId>882</filterId><buildId>spring-petclinic-vets-service-2023-10-02</buildId><coverageImages>spring-petclinic-visits-service</coverageImages><componentInstanceId>206</componentInstanceId></CoverageAgent><CoverageAgent id="12"><url></url><project></project><filterId>879</filterId><buildId></buildId><coverageImages></coverageImages><componentInstanceId>210</componentInstanceId></CoverageAgent><CoverageAgent id="7"><url>http://localhost:8052</url><project>spring-petclinic-customers-service</project><filterId>880</filterId><buildId>spring-petclinic-customers-service-2023-10-02</buildId><coverageImages>spring-petclinic-customers-service</coverageImages><componentInstanceId>205</componentInstanceId></CoverageAgent><CoverageAgent id="9"><url>http://localhost:8054</url><project>spring-petclinic-visits-service</project><filterId>883</filterId><buildId>spring-petclinic-visits-service-2023-10-02</buildId><coverageImages>spring-petclinic-visits-service</coverageImages><componentInstanceId>207</componentInstanceId></CoverageAgent><CoverageAgent id="11"><url></url><project></project><filterId>877</filterId><buildId></buildId><coverageImages></coverageImages><componentInstanceId>208</componentInstanceId></CoverageAgent><CoverageAgent id="13"><url></url><project></project><filterId>881</filterId><buildId></buildId><coverageImages></coverageImages><componentInstanceId>211</componentInstanceId></CoverageAgent></CoverageAgents><ComponentAttributes><ComponentAttribute id="91"><componentId>46</componentId><key>Version</key><value></value><mask>false</mask></ComponentAttribute><ComponentAttribute id="93"><componentId>48</componentId><key>Version</key><value></value><mask>false</mask></ComponentAttribute><ComponentAttribute id="95"><componentId>50</componentId><key>Version</key><value></value><mask>false</mask></ComponentAttribute><ComponentAttribute id="97"><componentId>52</componentId><key>Version</key><value></value><mask>false</mask></ComponentAttribute><ComponentAttribute id="99"><componentId>54</componentId><key>Version</key><value></value><mask>false</mask></ComponentAttribute><ComponentAttribute id="101"><componentId>56</componentId><key>Version</key><value></value><mask>false</mask></ComponentAttribute><ComponentAttribute id="90"><componentId>45</componentId><key>Version</key><value></value><mask>false</mask></ComponentAttribute><ComponentAttribute id="92"><componentId>47</componentId><key>Version</key><value></value><mask>false</mask></ComponentAttribute><ComponentAttribute id="94"><componentId>49</componentId><key>Version</key><value></value><mask>false</mask></ComponentAttribute><ComponentAttribute id="96"><componentId>51</componentId><key>Version</key><value></value><mask>false</mask></ComponentAttribute><ComponentAttribute id="98"><componentId>53</componentId><key>Version</key><value></value><mask>false</mask></ComponentAttribute><ComponentAttribute id="100"><componentId>55</componentId><key>Version</key><value></value><mask>false</mask></ComponentAttribute><ComponentAttribute id="102"><componentId>57</componentId><key>Version</key><value></value><mask>false</mask></ComponentAttribute></ComponentAttributes><ComponentTypes><ComponentType id="1" version="0"><name>Bus</name><image>/images/types/Bus_32.png</image></ComponentType><ComponentType id="9" version="0"><name>Packaged Software</name><image>/images/types/PackagedSoftware_32.png</image></ComponentType><ComponentType id="4" version="0"><name>Database</name><image>/images/types/Database_32.png</image></ComponentType><ComponentType id="6" version="0"><name>Mainframe</name><image>/images/types/Mainframe_32.png</image></ComponentType><ComponentType id="3" version="0"><name>Cloud</name><image>/images/types/Cloud_32.png</image></ComponentType><ComponentType id="2" version="0"><name>Client</name><image>/images/types/Client_32.png</image></ComponentType><ComponentType id="13" version="0"><name>Server</name><image>/images/types/Server_32.png</image></ComponentType><ComponentType id="5" version="0"><name>File System</name><image>/images/types/FileSystem_32.png</image></ComponentType></ComponentTypes><Components><Component id="46" version="0"><name>UI + API Gateway</name><description></description><componentTypeId>1</componentTypeId><ComponentAttributeIds><componentAttributeId>91</componentAttributeId></ComponentAttributeIds><componentSetId>46</componentSetId><VirtualAssetIds/></Component><Component id="48" version="0"><name>vets-service REST API</name><description></description><componentTypeId>9</componentTypeId><ComponentAttributeIds><componentAttributeId>93</componentAttributeId></ComponentAttributeIds><componentSetId>48</componentSetId><VirtualAssetIds/></Component><Component id="50" version="0"><name>customers-storage</name><description></description><componentTypeId>4</componentTypeId><ComponentAttributeIds><componentAttributeId>95</componentAttributeId></ComponentAttributeIds><componentSetId>50</componentSetId><VirtualAssetIds/></Component><Component id="52" version="0"><name>visits-storage</name><description></description><componentTypeId>4</componentTypeId><ComponentAttributeIds><componentAttributeId>97</componentAttributeId></ComponentAttributeIds><componentSetId>52</componentSetId><VirtualAssetIds/></Component><Component id="54" version="0"><name>Zipkin Distributed Logging Server</name><description></description><componentTypeId>6</componentTypeId><ComponentAttributeIds><componentAttributeId>99</componentAttributeId></ComponentAttributeIds><componentSetId>54</componentSetId><VirtualAssetIds/></Component><Component id="56" version="0"><name>Spring Cloud Config Server</name><description></description><componentTypeId>3</componentTypeId><ComponentAttributeIds><componentAttributeId>101</componentAttributeId></ComponentAttributeIds><componentSetId>56</componentSetId><VirtualAssetIds/></Component><Component id="45" version="0"><name>Web Browser</name><description></description><componentTypeId>2</componentTypeId><ComponentAttributeIds><componentAttributeId>90</componentAttributeId></ComponentAttributeIds><componentSetId>45</componentSetId><VirtualAssetIds/></Component><Component id="47" version="0"><name>customers-service REST API</name><description></description><componentTypeId>9</componentTypeId><ComponentAttributeIds><componentAttributeId>92</componentAttributeId></ComponentAttributeIds><componentSetId>47</componentSetId><VirtualAssetIds/></Component><Component id="49" version="0"><name>visits-service REST API</name><description></description><componentTypeId>9</componentTypeId><ComponentAttributeIds><componentAttributeId>94</componentAttributeId></ComponentAttributeIds><componentSetId>49</componentSetId><VirtualAssetIds/></Component><Component id="51" version="0"><name>vets-storage</name><description></description><componentTypeId>4</componentTypeId><ComponentAttributeIds><componentAttributeId>96</componentAttributeId></ComponentAttributeIds><componentSetId>51</componentSetId><VirtualAssetIds/></Component><Component id="53" version="0"><name>Spring Boot Admin Server</name><description></description><componentTypeId>13</componentTypeId><ComponentAttributeIds><componentAttributeId>98</componentAttributeId></ComponentAttributeIds><componentSetId>53</componentSetId><VirtualAssetIds/></Component><Component id="55" version="0"><name>Eureka Service Discovery</name><description></description><componentTypeId>3</componentTypeId><ComponentAttributeIds><componentAttributeId>100</componentAttributeId></ComponentAttributeIds><componentSetId>55</componentSetId><VirtualAssetIds/></Component><Component id="57" version="0"><name>Git Repo</name><description></description><componentTypeId>5</componentTypeId><ComponentAttributeIds><componentAttributeId>102</componentAttributeId></ComponentAttributeIds><componentSetId>57</componentSetId><VirtualAssetIds/></Component></Components><ComponentSets><ComponentSet id="46"><ComponentIds><componentId>46</componentId></ComponentIds></ComponentSet><ComponentSet id="48"><ComponentIds><componentId>48</componentId></ComponentIds></ComponentSet><ComponentSet id="50"><ComponentIds><componentId>50</componentId></ComponentIds></ComponentSet><ComponentSet id="52"><ComponentIds><componentId>52</componentId></ComponentIds></ComponentSet><ComponentSet id="54"><ComponentIds><componentId>54</componentId></ComponentIds></ComponentSet><ComponentSet id="56"><ComponentIds><componentId>56</componentId></ComponentIds></ComponentSet><ComponentSet id="45"><ComponentIds><componentId>45</componentId></ComponentIds></ComponentSet><ComponentSet id="47"><ComponentIds><componentId>47</componentId></ComponentIds></ComponentSet><ComponentSet id="49"><ComponentIds><componentId>49</componentId></ComponentIds></ComponentSet><ComponentSet id="51"><ComponentIds><componentId>51</componentId></ComponentIds></ComponentSet><ComponentSet id="53"><ComponentIds><componentId>53</componentId></ComponentIds></ComponentSet><ComponentSet id="55"><ComponentIds><componentId>55</componentId></ComponentIds></ComponentSet><ComponentSet id="57"><ComponentIds><componentId>57</componentId></ComponentIds></ComponentSet></ComponentSets><ProvisioningActions/><ProvisioningActionAttributes/><AssetInstances/><AssetStubs/><AssetDataSources/><VirtualAssets/><VirtualAssetAttributes/><LiveTransports><LiveTransport id="78" version="0"><httpEndpointId>195</httpEndpointId><jmsEndpointId>-1</jmsEndpointId><mqEndpointId>-1</mqEndpointId><customEndpointIds/><selectedIndex>-1</selectedIndex><componentInstanceIds><componentInstanceId>204</componentInstanceId></componentInstanceIds></LiveTransport><LiveTransport id="80" version="0"><httpEndpointId>-1</httpEndpointId><jmsEndpointId>-1</jmsEndpointId><mqEndpointId>-1</mqEndpointId><customEndpointIds/><selectedIndex>-1</selectedIndex><componentInstanceIds><componentInstanceId>206</componentInstanceId></componentInstanceIds></LiveTransport><LiveTransport id="83" version="0"><httpEndpointId>197</httpEndpointId><jmsEndpointId>-1</jmsEndpointId><mqEndpointId>-1</mqEndpointId><customEndpointIds/><selectedIndex>-1</selectedIndex><componentInstanceIds><componentInstanceId>209</componentInstanceId></componentInstanceIds></LiveTransport><LiveTransport id="84" version="0"><httpEndpointId>198</httpEndpointId><jmsEndpointId>-1</jmsEndpointId><mqEndpointId>-1</mqEndpointId><customEndpointIds/><selectedIndex>-1</selectedIndex><componentInstanceIds><componentInstanceId>210</componentInstanceId></componentInstanceIds></LiveTransport><LiveTransport id="79" version="0"><httpEndpointId>-1</httpEndpointId><jmsEndpointId>-1</jmsEndpointId><mqEndpointId>-1</mqEndpointId><customEndpointIds/><selectedIndex>-1</selectedIndex><componentInstanceIds><componentInstanceId>205</componentInstanceId></componentInstanceIds></LiveTransport><LiveTransport id="81" version="0"><httpEndpointId>-1</httpEndpointId><jmsEndpointId>-1</jmsEndpointId><mqEndpointId>-1</mqEndpointId><customEndpointIds/><selectedIndex>-1</selectedIndex><componentInstanceIds><componentInstanceId>207</componentInstanceId></componentInstanceIds></LiveTransport><LiveTransport id="82" version="0"><httpEndpointId>196</httpEndpointId><jmsEndpointId>-1</jmsEndpointId><mqEndpointId>-1</mqEndpointId><customEndpointIds/><selectedIndex>-1</selectedIndex><componentInstanceIds><componentInstanceId>208</componentInstanceId></componentInstanceIds></LiveTransport><LiveTransport id="85" version="0"><httpEndpointId>199</httpEndpointId><jmsEndpointId>-1</jmsEndpointId><mqEndpointId>-1</mqEndpointId><customEndpointIds/><selectedIndex>-1</selectedIndex><componentInstanceIds><componentInstanceId>211</componentInstanceId></componentInstanceIds></LiveTransport></LiveTransports><StubTransports/><HttpEndpoints><HttpEndpoint id="195" version="0"><serverId>-1</serverId><protocol>http</protocol><host>localhost</host><port>8080</port><username></username><password></password></HttpEndpoint><HttpEndpoint id="197" version="0"><serverId>-1</serverId><path>zipkin</path><protocol>http</protocol><host>localhost</host><port>9411</port></HttpEndpoint><HttpEndpoint id="198" version="0"><serverId>-1</serverId><protocol>http</protocol><host>localhost</host><port>8888</port><username></username><password></password></HttpEndpoint><HttpEndpoint id="196" version="0"><serverId>-1</serverId><protocol>http</protocol><host>localhost</host><port>9090</port><username></username><password></password></HttpEndpoint><HttpEndpoint id="199" version="0"><serverId>-1</serverId><protocol>http</protocol><host>localhost</host><port>8761</port><username></username><password></password></HttpEndpoint></HttpEndpoints><JmsEndpoints/><MqEndpoints/><CustomEndpoints/><ProxyInstances/><ProxyConnections/><ProxyConnectionAttributes/><ProxyStubs/><Proxies/><ProxyAttributes/><JdbcProxyInstances/><JdbcProxies/><GlobalQueueManagers/><TestScenarios/><TestScenarioInstances/><TestScenarioVariables/><TestScenarioMetadatas/></EM>